{"cameraMode":{"drawMode":0,"name":"Shaded","section":"Shading Mode"},"sceneLighting":true,"audioPlay":false,"sceneViewState":{"showFog":true,"showMaterialUpdate":false,"showSkybox":true,"showFlares":true,"showImageEffects":true,"showParticleSystems":true},"in2DMode":false,"pivot":{"x":-111.81832885742188,"y":-12.01783275604248,"z":-8.47529125213623},"rotation":{"x":-0.0536312535405159,"y":-0.8554314970970154,"z":0.09040846675634384,"w":-0.5072111487388611},"size":39.182186126708987,"orthographic":false}