{"cameraMode":{"drawMode":0,"name":"Shaded","section":"Shading Mode"},"sceneLighting":true,"audioPlay":false,"sceneViewState":{"showFog":true,"showMaterialUpdate":false,"showSkybox":true,"showFlares":true,"showImageEffects":true,"showParticleSystems":true},"in2DMode":false,"pivot":{"x":51.88656234741211,"y":-12.418853759765625,"z":-3.665403366088867},"rotation":{"x":-0.20314288139343263,"y":-0.5433100461959839,"z":0.13746365904808045,"w":-0.8029066324234009},"size":12.315555572509766,"orthographic":false}